Workbook

Sheet 체크_시공테크 12개월
A1: ='시공테크 12개월'!B2 -> 4족보행로봇
A3: 로봇 매입가 | B3: =+'시공테크 12개월'!G6 -> 178640000 | D3: 회수율 | E3: =+'시공테크 12개월'!M6 -> 1.1531572 | G3: 중도해지 위약금율 | H3: 1
A4: 기간 | B4: =+'시공테크 12개월'!H6 -> 12 | D4: 월 렌탈료 | E4: =+'시공테크 12개월'!K6 -> 13000000 | G4: 보험커버가능액 | H4: =+'시공테크 12개월'!K9 -> 0
A5: 이자율 | B5: =+'시공테크 12개월'!N6 -> 0.06 | D5: 총 렌탈료 | E5: =+'시공테크 12개월'!L6 -> 206000000 | G5: 보험가입율 | H5: =+H4/E5 -> 0
A6: irr | B6: =+'시공테크 12개월'!L12 -> 0.32233408 | D6: 잔존가치 비율 | E6: =+'시공테크 12개월'!O6 -> 0 | G6: 보증금 | H6: =+'시공테크 12개월'!K14 -> 50000000
A7: 손익 | B7: =+'시공테크 12개월'!P6 -> 0.10799052 | D7: 잔존가치액 | E7: =+'시공테크 12개월'!J26 -> 0
F9: 정상채권 상황 | I9: 부실채권 발생 상황
A10: 회차 | B10: 누적원리금 (a) | C10: 렌탈료 회수율 | D10: 잔존가치 비율 | E10: 잔존가치액 | F10: 회차별 회수금 | G10: 회수율 (매입가 대비) | H10: 중도해지 위약금 | I10: 보험커버 가능액(d) | J10: 담보액 | K10: 최종회수금 (c+d)=( e) | L10: 회수율 (매입가 대비) | M10: 보증필요
A11: 1 | B11: =E4 -> 13000000 | C11: =B11/$B$3 -> 0.072772056 | D11: 0 | F11: =B11+E11 -> 13000000 | G11: =F11/$B$3 -> 0.072772056 | H11: =$E$5-B11 -> 193000000 | I11: =+$H$4 -> 0 | J11: =$H$6 -> 50000000 | K11: =F11+I11+J11 -> 63000000 | L11: =K11/$B$3 -> 0.35266458 | M11: =$B$3-K11 -> 115640000 | O11: 22990000 | Q11: =O11+$P$11 -> 22990000
A12: 2 | B12: =$B$11*A12 -> 26000000 | C12: =B12/$B$3 -> 0.14554411 | D12: 0 | F12: =B12+E12 -> 26000000 | G12: =F12/$B$3 -> 0.14554411 | H12: =$E$5-B12 -> 180000000 | I12: =IF(H12>I11,I11,H12) -> 0 | J12: =$H$6 -> 50000000 | K12: =F12+I12+J12 -> 76000000 | L12: =K12/$B$3 -> 0.42543663 | M12: =$B$3-K12 -> 102640000 | O12: 20970000 | Q12: =O12+$P$11 -> 20970000
A13: 3 | B13: =$B$11*A13 -> 39000000 | C13: =B13/$B$3 -> 0.21831617 | D13: 0 | F13: =B13+E13 -> 39000000 | G13: =F13/$B$3 -> 0.21831617 | H13: =$E$5-B13 -> 167000000 | I13: =IF(H13>I12,I12,H13) -> 0 | J13: =$H$6 -> 50000000 | K13: =F13+I13+J13 -> 89000000 | L13: =K13/$B$3 -> 0.49820869 | M13: =$B$3-K13 -> 89640000 | O13: 18950000 | Q13: =O13+$P$11 -> 18950000
A14: 4 | B14: =$B$11*A14 -> 52000000 | C14: =B14/$B$3 -> 0.29108822 | D14: 0 | F14: =B14+E14 -> 52000000 | G14: =F14/$B$3 -> 0.29108822 | H14: =$E$5-B14 -> 154000000 | I14: =IF(H14>I13,I13,H14) -> 0 | J14: =$H$6 -> 50000000 | K14: =F14+I14+J14 -> 102000000 | L14: =K14/$B$3 -> 0.57098074 | M14: =$B$3-K14 -> 76640000 | O14: 16940000 | Q14: =O14+$P$11 -> 16940000
A15: 5 | B15: =$B$11*A15 -> 65000000 | C15: =B15/$B$3 -> 0.36386028 | D15: 0 | F15: =B15+E15 -> 65000000 | G15: =F15/$B$3 -> 0.36386028 | H15: =$E$5-B15 -> 141000000 | I15: =IF(H15>I14,I14,H15) -> 0 | J15: =$H$6 -> 50000000 | K15: =F15+I15+J15 -> 115000000 | L15: =K15/$B$3 -> 0.6437528 | M15: =$B$3-K15 -> 63640000 | O15: 14920000 | Q15: =O15+$P$11 -> 14920000
A16: 6 | B16: =$B$11*A16 -> 78000000 | C16: =B16/$B$3 -> 0.43663233 | D16: 0 | F16: =B16+E16 -> 78000000 | G16: =F16/$B$3 -> 0.43663233 | H16: =$E$5-B16 -> 128000000 | I16: =IF(H16>I15,I15,H16) -> 0 | J16: =$H$6 -> 50000000 | K16: =F16+I16+J16 -> 128000000 | L16: =K16/$B$3 -> 0.71652485 | M16: =$B$3-K16 -> 50640000 | O16: 12900000 | Q16: =O16+$P$11 -> 12900000
A17: 7 | B17: =$B$11*A17 -> 91000000 | C17: =B17/$B$3 -> 0.50940439 | D17: 0 | F17: =B17+E17 -> 91000000 | G17: =F17/$B$3 -> 0.50940439 | H17: =$E$5-B17 -> 115000000 | I17: =IF(H17>I16,I16,H17) -> 0 | J17: =$H$6 -> 50000000 | K17: =F17+I17+J17 -> 141000000 | L17: =K17/$B$3 -> 0.78929691 | M17: =$B$3-K17 -> 37640000 | O17: 10880000 | Q17: =O17+$P$11 -> 10880000
A18: 8 | B18: =$B$11*A18 -> 104000000 | C18: =B18/$B$3 -> 0.58217644 | D18: 0 | F18: =B18+E18 -> 104000000 | G18: =F18/$B$3 -> 0.58217644 | H18: =$E$5-B18 -> 102000000 | I18: =IF(H18>I17,I17,H18) -> 0 | J18: =$H$6 -> 50000000 | K18: =F18+I18+J18 -> 154000000 | L18: =K18/$B$3 -> 0.86206897 | M18: =$B$3-K18 -> 24640000 | O18: 8870000 | Q18: =O18+$P$11 -> 8870000
A19: 9 | B19: =$B$11*A19 -> 117000000 | C19: =B19/$B$3 -> 0.6549485 | D19: 0 | F19: =B19+E19 -> 117000000 | G19: =F19/$B$3 -> 0.6549485 | H19: =$E$5-B19 -> 89000000 | I19: =IF(H19>I18,I18,H19) -> 0 | J19: =$H$6 -> 50000000 | K19: =F19+I19+J19 -> 167000000 | L19: =K19/$B$3 -> 0.93484102 | M19: =$B$3-K19 -> 11640000 | O19: 6850000 | Q19: =O19+$P$11 -> 6850000
A20: 10 | B20: =$B$11*A20 -> 130000000 | C20: =B20/$B$3 -> 0.72772056 | D20: 0 | F20: =B20+E20 -> 130000000 | G20: =F20/$B$3 -> 0.72772056 | H20: =$E$5-B20 -> 76000000 | I20: =IF(H20>I19,I19,H20) -> 0 | J20: =$H$6 -> 50000000 | K20: =F20+I20+J20 -> 180000000 | L20: =K20/$B$3 -> 1.0076131 | M20: =$B$3-K20 -> -1360000 | O20: 4830000 | Q20: =O20+$P$11 -> 4830000
A21: 11 | B21: =$B$11*A21 -> 143000000 | C21: =B21/$B$3 -> 0.80049261 | D21: 0 | F21: =B21+E21 -> 143000000 | G21: =F21/$B$3 -> 0.80049261 | H21: =$E$5-B21 -> 63000000 | I21: =IF(H21>I20,I20,H21) -> 0 | J21: =$H$6 -> 50000000 | K21: =F21+I21+J21 -> 193000000 | L21: =K21/$B$3 -> 1.0803851 | M21: =$B$3-K21 -> -14360000 | O21: 2810000 | Q21: =O21+$P$11 -> 2810000
A22: 12 | B22: =$B$11*A22 -> 156000000 | C22: =B22/$B$3 -> 0.87326467 | D22: 0 | F22: =B22+E22 -> 156000000 | G22: =F22/$B$3 -> 0.87326467 | H22: =$E$5-B22 -> 50000000 | I22: =IF(H22>I21,I21,H22) -> 0 | J22: =$H$6 -> 50000000 | K22: =F22+I22+J22 -> 206000000 | L22: =K22/$B$3 -> 1.1531572 | M22: =$B$3-K22 -> -27360000 | O22: 800000 | Q22: 800000

Sheet 시공테크 12개월
B2: 4족보행로봇
K4: =ROUNDUP(PMT(I6/12,H6,-G6),-2) -> 17430000
B5: 상품 | C5: 제조사 | D5: 모델 | E5: 취득가 | F5: 수량 | G5: 총취득가 | H5: 렌탈기간 | I5: RR | J5: IRR | K5: 렌탈료 | L5: 총렌탈료 | M5: 회수율 | N5: 이자율 | O5: RV | P5: 손익율
B6: 로봇 | D6: 4족보행로봇 | E6: 44660000 | F6: 4 | G6: =E6*F6 -> 178640000 | H6: 12 | I6: 0.30169127 | J6: =L12 -> 0.32233408 | K6: 13000000 | L6: =K6*H6+K14 -> 206000000 | M6: =L6/G6 -> 1.1531572 | N6: 0.06 | O6: 0 | P6: =P27/G6 -> 0.10799052
L7: =+L6*80% -> 164800000 | P7: =+P6/(H6/12) -> 0.10799052
C8: 설치비(원) | D8: VOC비용(원) | E8: 예비비(원) | F8: 판관비(원) | G8: 영업비(원) | H8: 보증보험 할인율(%) | I8: 판관비율 | J8: 영업비율 | K8: 보증보험 커버금액 | L8: 보증보험 가입비율
F9: =(G6*I9)/H6 -> 188564.44 | G9: =(G6*J9)/H6 -> 0 | H9: 0.15 | I9: =0.1055555555%*H6 -> 0.012666667 | K9: =L6*L9 -> 0
K10: =+K9+K14 -> 50000000 | L10: =+L6-K10 -> 156000000 | M10: 1개월차 최소 재매입금액
L11: IRR
B12: 회차 | C12: 월렌탈료 | D12: 총취득가 | E12: 예비비 | F12: 보증보험료 | G12: 판관비 | H12: 영업비 | I12: 유지 비용 | J12: RV | K12: 선수금 | L12: =IRR(L13:L26)*12 -> 0.32233408 | M12: 감가상각비 | N12: 원금 | O12: 이자 | P12: 손익
B13: 0 | D13: =-G6 -> -178640000 | L13: =SUM(C13:K13) -> -178640000 | N13: =G6 -> 178640000
B14: 1 | C14: =K6 -> 13000000 | E14: =-E9*F6 -> 0 | G14: =-F9 -> -188564.44 | H14: =-G9 -> 0 | K14: 50000000 | L14: =SUM(C14:K14) -> 62811436 | M14: =(G6-J26)/H6 -> 14886667 | N14: =N13-M14 -> 1.6375333e+08 | O14: =(N13*$N$6)/12 -> 893200 | P14: =L14-M14-O14 -> 47031569
B15: 2 | C15: =C14 -> 13000000 | G15: =G14 -> -188564.44 | H15: =H14 -> 0 | L15: =SUM(C15:K15) -> 12811436 | M15: =M14 -> 14886667 | N15: =N14-M15 -> 1.4886667e+08 | O15: =(N14*$N$6)/12 -> 818766.67 | P15: =L15-M15-O15 -> -2893997.8
B16: 3 | C16: =C15 -> 13000000 | G16: =G15 -> -188564.44 | H16: =H15 -> 0 | L16: =SUM(C16:K16) -> 12811436 | M16: =M15 -> 14886667 | N16: =N15-M16 -> 1.3398e+08 | O16: =(N15*$N$6)/12 -> 744333.33 | P16: =L16-M16-O16 -> -2819564.4
B17: 4 | C17: =C16 -> 13000000 | G17: =G16 -> -188564.44 | H17: =H16 -> 0 | L17: =SUM(C17:K17) -> 12811436 | M17: =M16 -> 14886667 | N17: =N16-M17 -> 1.1909333e+08 | O17: =(N16*$N$6)/12 -> 669900 | P17: =L17-M17-O17 -> -2745131.1
B18: 5 | C18: =C17 -> 13000000 | G18: =G17 -> -188564.44 | H18: =H17 -> 0 | L18: =SUM(C18:K18) -> 12811436 | M18: =M17 -> 14886667 | N18: =N17-M18 -> 1.0420667e+08 | O18: =(N17*$N$6)/12 -> 595466.67 | P18: =L18-M18-O18 -> -2670697.8
B19: 6 | C19: =C18 -> 13000000 | G19: =G18 -> -188564.44 | H19: =H18 -> 0 | L19: =SUM(C19:K19) -> 12811436 | M19: =M18 -> 14886667 | N19: =N18-M19 -> 89320000 | O19: =(N18*$N$6)/12 -> 521033.33 | P19: =L19-M19-O19 -> -2596264.4
B20: 7 | C20: =C19 -> 13000000 | G20: =G19 -> -188564.44 | H20: =H19 -> 0 | L20: =SUM(C20:K20) -> 12811436 | M20: =M19 -> 14886667 | N20: =N19-M20 -> 74433333 | O20: =(N19*$N$6)/12 -> 446600 | P20: =L20-M20-O20 -> -2521831.1
B21: 8 | C21: =C20 -> 13000000 | G21: =G20 -> -188564.44 | H21: =H20 -> 0 | L21: =SUM(C21:K21) -> 12811436 | M21: =M20 -> 14886667 | N21: =N20-M21 -> 59546667 | O21: =(N20*$N$6)/12 -> 372166.67 | P21: =L21-M21-O21 -> -2447397.8
B22: 21 | C22: =C21 -> 13000000 | G22: =G21 -> -188564.44 | H22: =H21 -> 0 | L22: =SUM(C22:K22) -> 12811436 | M22: =M21 -> 14886667 | N22: =N21-M22 -> 44660000 | O22: =(N21*$N$6)/12 -> 297733.33 | P22: =L22-M22-O22 -> -2372964.4
B23: 22 | C23: =C22 -> 13000000 | G23: =G22 -> -188564.44 | H23: =H22 -> 0 | L23: =SUM(C23:K23) -> 12811436 | M23: =M22 -> 14886667 | N23: =N22-M23 -> 29773333 | O23: =(N22*$N$6)/12 -> 223300 | P23: =L23-M23-O23 -> -2298531.1
B24: 23 | C24: =C23 -> 13000000 | G24: =G23 -> -188564.44 | H24: =H23 -> 0 | L24: =SUM(C24:K24) -> 12811436 | M24: =M23 -> 14886667 | N24: =N23-M24 -> 14886667 | O24: =(N23*$N$6)/12 -> 148866.67 | P24: =L24-M24-O24 -> -2224097.8
B25: 24 | C25: =C24 -> 13000000 | G25: =G24 -> -188564.44 | H25: =H24 -> 0 | L25: =SUM(C25:K25) -> 12811436 | M25: =M24 -> 14886667 | N25: =N24-M25 -> 0 | O25: =(N24*$N$6)/12 -> 74433.333 | P25: =L25-M25-O25 -> -2149664.4
B26: 25 | L26: =SUM(C26:K26) -> 0 | P26: =L26-M26-O26 -> 0
P27: =SUM(P14:P26) -> 19291427
