Workbook

Sheet 체크_12개월
A1: ='수익률_12개월'!B2
A3: 로봇 매입가 | B3: =+'수익률_12개월'!G6 | D3: 회수율 | E3: =+'수익률_12개월'!M6 | G3: 중도해지 위약금율 | H3: 1
A4: 기간 | B4: =+'수익률_12개월'!H6 | D4: 월 렌탈료 | E4: =+'수익률_12개월'!K6 | G4: 보험커버가능액 | H4: =+'수익률_12개월'!K9
A5: 이자율 | B5: =+'수익률_12개월'!N6 | D5: 총 렌탈료 | E5: =+'수익률_12개월'!L6 | G5: 보험가입율 | H5: =+H4/E5
A6: irr | B6: =+'수익률_12개월'!L12 | D6: 잔존가치 비율 | E6: =+'수익률_12개월'!O6 | G6: 보증금 | H6: =+'수익률_12개월'!K14
A7: 손익 | B7: =+'수익률_12개월'!P6 | D7: 잔존가치액 | E7: ='수익률_12개월'!J26
F9: 정상채권 상황 | I9: 부실채권 발생 상황
A10: 회차 | B10: 누적원리금 (a) | C10: 렌탈료 회수율 | D10: 잔존가치 비율 | E10: 잔존가치액 | F10: 회차별 회수금 | G10: 회수율 (매입가 대비) | H10: 중도해지 위약금 | I10: 보험커버 가능액(d) | J10: 담보액 | K10: 최종회수금 (c+d)=( e) | L10: 회수율 (매입가 대비) | M10: 보증필요
A11: 1 | B11: =E4 | C11: =B11/$B$3 | D11: 0 | F11: =B11+E11 | G11: =F11/$B$3 | H11: =$E$5-B11 | I11: =+$H$4 | J11: =$H$6 | K11: =F11+I11+J11 | L11: =K11/$B$3 | M11: =$B$3-K11 | O11: 22990000 | Q11: =O11+$P$11
A12: 2 | B12: =$B$11*A12 | C12: =B12/$B$3 | D12: 0 | F12: =B12+E12 | G12: =F12/$B$3 | H12: =$E$5-B12 | I12: =IF(H12>I11,I11,H12) | J12: =$H$6 | K12: =F12+I12+J12 | L12: =K12/$B$3 | M12: =$B$3-K12 | O12: 20970000 | Q12: =O12+$P$11
A13: 3 | B13: =$B$11*A13 | C13: =B13/$B$3 | D13: 0 | F13: =B13+E13 | G13: =F13/$B$3 | H13: =$E$5-B13 | I13: =IF(H13>I12,I12,H13) | J13: =$H$6 | K13: =F13+I13+J13 | L13: =K13/$B$3 | M13: =$B$3-K13 | O13: 18950000 | Q13: =O13+$P$11
A14: 4 | B14: =$B$11*A14 | C14: =B14/$B$3 | D14: 0 | F14: =B14+E14 | G14: =F14/$B$3 | H14: =$E$5-B14 | I14: =IF(H14>I13,I13,H14) | J14: =$H$6 | K14: =F14+I14+J14 | L14: =K14/$B$3 | M14: =$B$3-K14 | O14: 16940000 | Q14: =O14+$P$11
A15: 5 | B15: =$B$11*A15 | C15: =B15/$B$3 | D15: 0 | F15: =B15+E15 | G15: =F15/$B$3 | H15: =$E$5-B15 | I15: =IF(H15>I14,I14,H15) | J15: =$H$6 | K15: =F15+I15+J15 | L15: =K15/$B$3 | M15: =$B$3-K15 | O15: 14920000 | Q15: =O15+$P$11
A16: 6 | B16: =$B$11*A16 | C16: =B16/$B$3 | D16: 0 | F16: =B16+E16 | G16: =F16/$B$3 | H16: =$E$5-B16 | I16: =IF(H16>I15,I15,H16) | J16: =$H$6 | K16: =F16+I16+J16 | L16: =K16/$B$3 | M16: =$B$3-K16 | O16: 12900000 | Q16: =O16+$P$11
A17: 7 | B17: =$B$11*A17 | C17: =B17/$B$3 | D17: 0 | F17: =B17+E17 | G17: =F17/$B$3 | H17: =$E$5-B17 | I17: =IF(H17>I16,I16,H17) | J17: =$H$6 | K17: =F17+I17+J17 | L17: =K17/$B$3 | M17: =$B$3-K17 | O17: 10880000 | Q17: =O17+$P$11
A18: 8 | B18: =$B$11*A18 | C18: =B18/$B$3 | D18: 0 | F18: =B18+E18 | G18: =F18/$B$3 | H18: =$E$5-B18 | I18: =IF(H18>I17,I17,H18) | J18: =$H$6 | K18: =F18+I18+J18 | L18: =K18/$B$3 | M18: =$B$3-K18 | O18: 8870000 | Q18: =O18+$P$11
A19: 9 | B19: =$B$11*A19 | C19: =B19/$B$3 | D19: 0 | F19: =B19+E19 | G19: =F19/$B$3 | H19: =$E$5-B19 | I19: =IF(H19>I18,I18,H19) | J19: =$H$6 | K19: =F19+I19+J19 | L19: =K19/$B$3 | M19: =$B$3-K19 | O19: 6850000 | Q19: =O19+$P$11
A20: 10 | B20: =$B$11*A20 | C20: =B20/$B$3 | D20: 0 | F20: =B20+E20 | G20: =F20/$B$3 | H20: =$E$5-B20 | I20: =IF(H20>I19,I19,H20) | J20: =$H$6 | K20: =F20+I20+J20 | L20: =K20/$B$3 | M20: =$B$3-K20 | O20: 4830000 | Q20: =O20+$P$11
A21: 11 | B21: =$B$11*A21 | C21: =B21/$B$3 | D21: 0 | F21: =B21+E21 | G21: =F21/$B$3 | H21: =$E$5-B21 | I21: =IF(H21>I20,I20,H21) | J21: =$H$6 | K21: =F21+I21+J21 | L21: =K21/$B$3 | M21: =$B$3-K21 | O21: 2810000 | Q21: =O21+$P$11
A22: 12 | B22: =$B$11*A22 | C22: =B22/$B$3 | D22: 0 | F22: =B22+E22 | G22: =F22/$B$3 | H22: =$E$5-B22 | I22: =IF(H22>I21,I21,H22) | J22: =$H$6 | K22: =F22+I22+J22 | L22: =K22/$B$3 | M22: =$B$3-K22 | O22: 800000 | Q22: 800000

Sheet 수익률_12개월
B2: 4족보행로봇
K4: =ROUNDUP(PMT(I6/12,H6,-G6),-2)
B5: 상품 | C5: 제조사 | D5: 모델 | E5: 취득가 | F5: 수량 | G5: 총취득가 | H5: 렌탈기간 | I5: RR | J5: IRR | K5: 렌탈료 | L5: 총렌탈료 | M5: 회수율 | N5: 이자율 | O5: RV | P5: 손익율
B6: 로봇 | D6: 4족보행로봇 | E6: 44660000 | F6: 4 | G6: =E6*F6 | H6: 12 | I6: 0.30169127 | J6: =L12 | K6: 13000000 | L6: =K6*H6+K14 | M6: =L6/G6 | N6: 0.06 | O6: 0 | P6: =P27/G6
L7: =+L6*80% | P7: =+P6/(H6/12)
C8: 설치비(원) | D8: VOC비용(원) | E8: 예비비(원) | F8: 판관비(원) | G8: 영업비(원) | H8: 보증보험 할인율(%) | I8: 판관비율 | J8: 영업비율 | K8: 보증보험 커버금액 | L8: 보증보험 가입비율
F9: =(G6*I9)/H6 | G9: =(G6*J9)/H6 | H9: 0.15 | I9: =0.1055555555%*H6 | K9: =L6*L9
K10: =+K9+K14 | L10: =+L6-K10 | M10: 1개월차 최소 재매입금액
L11: IRR
B12: 회차 | C12: 월렌탈료 | D12: 총취득가 | E12: 예비비 | F12: 보증보험료 | G12: 판관비 | H12: 영업비 | I12: 유지 비용 | J12: RV | K12: 선수금 | L12: =IRR(L13:L26)*12 | M12: 감가상각비 | N12: 원금 | O12: 이자 | P12: 손익
B13: 0 | D13: =-G6 | L13: =SUM(C13:K13) | N13: =G6
B14: 1 | C14: =K6 | E14: =-E9*F6 | G14: =-F9 | H14: =-G9 | K14: 50000000 | L14: =SUM(C14:K14) | M14: =(G6-J26)/H6 | N14: =N13-M14 | O14: =(N13*$N$6)/12 | P14: =L14-M14-O14
B15: 2 | C15: =C14 | G15: =G14 | H15: =H14 | L15: =SUM(C15:K15) | M15: =M14 | N15: =N14-M15 | O15: =(N14*$N$6)/12 | P15: =L15-M15-O15
B16: 3 | C16: =C15 | G16: =G15 | H16: =H15 | L16: =SUM(C16:K16) | M16: =M15 | N16: =N15-M16 | O16: =(N15*$N$6)/12 | P16: =L16-M16-O16
B17: 4 | C17: =C16 | G17: =G16 | H17: =H16 | L17: =SUM(C17:K17) | M17: =M16 | N17: =N16-M17 | O17: =(N16*$N$6)/12 | P17: =L17-M17-O17
B18: 5 | C18: =C17 | G18: =G17 | H18: =H17 | L18: =SUM(C18:K18) | M18: =M17 | N18: =N17-M18 | O18: =(N17*$N$6)/12 | P18: =L18-M18-O18
B19: 6 | C19: =C18 | G19: =G18 | H19: =H18 | L19: =SUM(C19:K19) | M19: =M18 | N19: =N18-M19 | O19: =(N18*$N$6)/12 | P19: =L19-M19-O19
B20: 7 | C20: =C19 | G20: =G19 | H20: =H19 | L20: =SUM(C20:K20) | M20: =M19 | N20: =N19-M20 | O20: =(N19*$N$6)/12 | P20: =L20-M20-O20
B21: 8 | C21: =C20 | G21: =G20 | H21: =H20 | L21: =SUM(C21:K21) | M21: =M20 | N21: =N20-M21 | O21: =(N20*$N$6)/12 | P21: =L21-M21-O21
B22: 9 | C22: =C21 | G22: =G21 | H22: =H21 | L22: =SUM(C22:K22) | M22: =M21 | N22: =N21-M22 | O22: =(N21*$N$6)/12 | P22: =L22-M22-O22
B23: 10 | C23: =C22 | G23: =G22 | H23: =H22 | L23: =SUM(C23:K23) | M23: =M22 | N23: =N22-M23 | O23: =(N22*$N$6)/12 | P23: =L23-M23-O23
B24: 11 | C24: =C23 | G24: =G23 | H24: =H23 | L24: =SUM(C24:K24) | M24: =M23 | N24: =N23-M24 | O24: =(N23*$N$6)/12 | P24: =L24-M24-O24
B25: 12 | C25: =C24 | G25: =G24 | H25: =H24 | L25: =SUM(C25:K25) | M25: =M24 | N25: =N24-M25 | O25: =(N24*$N$6)/12 | P25: =L25-M25-O25
B26: 13 | L26: =SUM(C26:K26) | P26: =L26-M26-O26
P27: =SUM(P14:P26)
